Date,ammunition,small_arms,artillery,canned_food,barrels,aeroplanes,cotton,dye,wool,silk,coal,sulphur,iron,timber,tropical_wood,rubber,oil,precious_metal,steel,cement,machine_parts,glass,fuel,fertilizer,explosives,clipper_convoy,steamer_convoy,electric_gear,fabric,lumber,paper,cattle,fish,fruit,grain,tobacco,tea,coffee,opium,automobiles,telephones,wine,liquor,regular_clothes,luxury_clothes,furniture,luxury_furniture,radio,
1837.1.1,1.102347504761905,1.001496936936937,0.9993215444444442,0.9755594583333332,1.0,1.0,1.147476,1.1579874444444445,1.0200342857142857,1.1953906666666665,1.1952591304347828,1.1994168888888888,0.9988558095238096,1.1734955555555557,1.1930267901234568,1.2953357142857143,1.1722791666666665,1.0,1.058641134751773,1.0151814583333332,1.0292522739726029,1.1231066666666665,1.0,1.0760074666666666,1.0742057333333332,1.0297115555555556,1.0102869641025642,1.0,1.1104699999999998,1.0347013333333335,0.9789978431372548,1.1721673333333333,1.306967111111111,1.1360511111111113,1.1134493939393935,1.0910006060606061,1.021560769230769,1.4023003174603175,1.2110427083333333,1.0,1.0,1.1454351202749145,1.1190737499999999,1.031522528735632,1.0318053846153847,0.9882869387755101,1.035039830508475,1.0,
1838.1.1,1.157847111111111,1.0015029829829827,1.0140939814814813,0.9995134027777776,1.0,1.0,1.125492777777778,1.2063123456790121,1.027025396825397,1.229483185185185,1.1987407407407409,1.234240987654321,0.9967161904761904,1.1721773662551442,1.213238477366255,1.556733650793651,1.3247612962962962,1.0,1.0761996059889678,1.0276658333333333,1.0734354134956874,1.1296263090676881,1.0,1.0959454074074073,1.1102742777777777,1.071568941798942,1.0246394245014245,1.0,1.1147129629629628,1.037074074074074,0.9860411764705886,1.1951901851851854,1.3326716049382714,1.1390168724279837,1.1279072390572387,1.0923484848484846,1.0252393162393163,1.428110229276896,1.2232537037037037,1.0,1.0,1.169697098129057,1.1206608796296298,1.037006896551724,1.0599559316239318,0.9940215419501133,1.0660531450094162,1.0,
1839.1.1,1.178821067669173,1.0009112802275957,1.0250595263157893,1.0164305263157893,1.0,1.0,1.124068157894737,1.2393563157894738,1.0331300751879695,1.271133,1.203512700228833,1.2435710526315786,0.9938283458646618,1.1878959064327481,1.2362431286549709,1.83709484962406,1.4883053289473682,1.0,1.0788026875699885,1.0240859703947367,1.1160252343186736,1.1362469147005443,1.0,1.1039961578947368,1.1242791578947369,1.1128858208020052,1.0355245263157895,1.0,1.1545293859649124,1.0466255263157893,0.9929476780185763,1.2144197368421052,1.358948421052631,1.1472119883040937,1.1411708133971286,1.1027342105263158,1.0341436234817813,1.4774111528822051,1.2760953125,1.0,1.0,1.1899586543678788,1.1287019736842108,1.0485023593466425,1.0901486761133605,1.009513963480129,1.0993163380909903,1.0,
1840.1.1,1.1977869624060156,0.9988466714082501,1.0429541666666668,1.0512836019736844,1.0,1.0,1.0987814473684212,1.2886148464912284,1.0399037593984957,1.3246852368421052,1.2016802059496567,1.2655223684210528,0.9893126315789473,1.1966766081871347,1.2646334307992202,2.3522591353383455,1.7888178289473682,1.0,1.0827819708846584,1.020628618421053,1.1861008074981976,1.1357016333938295,1.0,1.1254117368421053,1.1425601578947364,1.1769332644110275,1.0558034251012145,1.0,1.1889204678362573,1.0582160526315787,1.006660371517028,1.2381276315789471,1.3844122807017547,1.1540902046783625,1.1538619617224881,1.1242868421052628,1.0463013157894738,1.5465265664160397,1.3500987664473687,1.0,1.0,1.228194546934346,1.1387034539473682,1.087424274047187,1.1456279068825914,1.057358485499463,1.1604375245316683,1.0,
1841.1.1,1.181936917293233,0.9936708961593173,1.0561863771929825,1.0574574013157894,1.0,1.0,1.111820394736842,1.2913368201754387,1.0387748120300753,1.340937894736842,1.1996186498855836,1.2679368859649125,0.9869042105263158,1.206042690058479,1.2975115009746592,2.8142136090225565,2.0893303070175437,1.0,1.081549104143337,1.0129237664473683,1.2525246647440518,1.1312508166969149,1.0,1.1318654999999995,1.1340518421052628,1.2027855576441102,1.0757094898785424,1.0,1.2319453216374268,1.0698065789473683,1.0130907120743036,1.2515621052631576,1.3979338596491226,1.1696027777777773,1.160567105263158,1.1429657894736835,1.0533934210526315,1.644742731829574,1.415046875,1.0,1.0,1.2528523602821484,1.133517351973684,1.1233941923774957,1.2011071336032386,1.098429967776584,1.2215587065120426,1.0,
1842.1.1,1.134196879120879,0.9873958419958423,1.0657735641025643,1.0487816025641024,1.0,1.0,1.0802074358974356,1.268702286324786,1.0293476190476194,1.332016205128205,1.1933840579710144,1.2667132905982907,0.9885599999999999,1.2096,1.3124594966761634,3.1308701465201474,2.4010891666666665,1.0,1.077765302782324,1.0299972275641027,1.3263809343168247,1.1222215738284702,1.0,1.1508908205128205,1.119244564102564,1.209905647130647,1.1008123550295859,1.0,1.2555138176638174,1.0780266666666667,1.0178127450980394,1.2406200000000003,1.3832813675213673,1.1779444444444447,1.1578506993006994,1.1759333333333333,1.0615012820512821,1.7808628815628815,1.461511778846154,1.0,1.0,1.3035487443827651,1.1352271233974356,1.16315433244916,1.2586626153846154,1.1455620617477762,1.2849672881355931,1.0,
1843.1.1,1.0988031578947368,0.9829136273115219,1.0687381140350876,1.008577467105263,1.0,1.0,1.0568981578947365,1.253997763157895,1.021087969924812,1.3341154210526318,1.1925177345537756,1.2764977631578953,0.9880331578947367,1.232384795321638,1.3453162768031186,3.305106127819548,2.7140626096491225,1.0,1.0757764277715567,1.0338982236842102,1.4040062581110313,1.12162332123412,1.0,1.154624552631579,1.1017176842105265,1.201656635338346,1.102979008097166,1.0,1.2462865497076019,1.0829776315789474,1.0193662538699693,1.2181076315789472,1.3601770175438592,1.188188596491228,1.1500320574162681,1.2097789473684213,1.0713263157894735,1.9388888471177945,1.5152270559210526,1.0,1.0,1.390914378730331,1.1528207648026316,1.2122286297640652,1.3164423279352226,1.2053012889366272,1.3486229036574484,1.0,
1844.1.1,1.0584931278195489,0.9833550568990043,1.0705381184210523,0.9676823026315785,1.0,1.0,1.0233127631578947,1.2434172368421053,1.016948496240602,1.3522911052631579,1.187134782608696,1.2866832017543857,0.9892373684210526,1.2470192982456136,1.3706822124756337,3.3395380827067673,2.995499429824561,1.0,1.0652960246360583,1.0040170888157893,1.4636029704397981,1.1315235934664247,1.0,1.1684274473684213,1.0828703815789473,1.2030552506265662,1.0923289433198382,1.0,1.2260913742690058,1.100890263157895,1.0230851393188856,1.19611197368421,1.341387017543859,1.187456871345029,1.144164832535885,1.253123684210526,1.0916907894736843,2.0653278195488722,1.592275740131579,1.0,1.0,1.4843859739555072,1.1797385279605268,1.2513319419237752,1.371921558704453,1.2689508592910848,1.4097440900981264,1.0,
1845.1.1,1.047986646616541,0.9868364366998579,1.068786403508772,0.937521315789474,1.0,1.0,1.025551842105263,1.249102653508772,1.0214642857142864,1.3682013421052637,1.185874942791762,1.2851027192982454,0.9930757894736845,1.2637026315789472,1.402048099415204,3.345634360902256,3.191150855263159,1.0,1.051957334826428,0.967402417763158,1.508203078586878,1.1335219600725952,1.0,1.153412789473684,1.0690147105263157,1.1804768358395992,1.0651202064777332,1.0,1.2064817251461986,1.1085294736842102,1.0253319659442726,1.1912386842105258,1.3366454385964908,1.19916447368421,1.1508696172248805,1.317781339712918,1.112359210526316,2.203181453634085,1.6959953125,1.0,1.0,1.595943570265871,1.1976835937499997,1.3176854355716878,1.4274007813765184,1.3695322771213747,1.4708652676181981,1.0,
1846.1.1,1.0467824360902256,0.9907164509246089,1.0643215307017546,0.9340639802631578,1.0,1.0,1.0381960526315792,1.2367440789473687,1.0278616541353385,1.378869684210526,1.175338100686499,1.2625370175438597,0.9990215789473683,1.2543365497076022,1.4082920077972714,3.360761879699248,3.315592434210526,1.0,1.0423174692049273,0.9597304440789476,1.560453056957462,1.130978765880218,1.0,1.1321552105263157,1.0665517763157895,1.143404329573935,1.0453600404858299,1.0,1.2047255847953215,1.1135344736842108,1.024557198142415,1.2050682894736846,1.34595298245614,1.2039938596491224,1.162483014354067,1.334065550239234,1.1273539473684213,2.23127932330827,1.7662940789473685,1.0,1.0,1.6465354313619103,1.1894931332236838,1.3216365698729582,1.4828800080971658,1.3947447368421053,1.5319864495985724,1.0,
1847.1.1,1.0421162857142856,0.9921331863442389,1.0568888421052631,0.9090889802631579,1.0,1.0,1.0499182894736843,1.2305099342105263,1.0365169172932323,1.3664627894736838,1.1651448512585816,1.2429125000000003,1.0096336090225564,1.2522877192982458,1.3952187134502922,3.410396766917293,3.4035510526315793,1.0,1.0404118141097423,0.973905427631579,1.598572451333814,1.1281628856624322,1.0,1.1024683684210528,1.0614283289473685,1.111995244360902,1.0325783400809716,1.0,1.198725438596491,1.1022073684210525,1.022310371517028,1.2178442105263156,1.3522750877192982,1.2061890350877194,1.1675118421052628,1.363041626794258,1.1353578947368423,2.2917395989974936,1.838897861842105,1.0,1.0,1.7001960661964188,1.2015114720394735,1.3233169691470057,1.5383592388663967,1.431353974221267,1.5931076360392504,1.0,
1848.1.1,1.0367978315018316,0.9930563132363135,1.0487954743589742,0.8939029166666668,1.0,1.0,1.0603166666666666,1.2393146367521366,1.041080952380952,1.3705665897435897,1.1560000000000001,1.2361707264957265,1.0163531868131865,1.2461037037037033,1.3869386039886042,3.481138608058608,3.474871709401709,1.0,1.0506248772504092,0.9907922435897435,1.6517141552511414,1.1319564986737403,1.0,1.0788975384615385,1.0591346025641024,1.0833536263736265,1.0292830098619332,1.0,1.1883537037037033,1.0926566666666666,1.0207568627450982,1.2216266666666666,1.354364444444444,1.2040388888888882,1.1636833333333334,1.3378655011655007,1.1398833333333334,2.3078724053724056,1.8908566506410254,1.0,1.0,1.728547158339942,1.2170778044871797,1.2912634836427939,1.5959147140039451,1.4203461015175298,1.6565162103433293,1.0,
1849.1.1,1.0352675939849625,0.9878117354196302,1.0462512675438598,0.8931029276315787,1.0,1.0,1.0534744736842105,1.2397514035087722,1.0436669172932327,1.368965157894737,1.1514011441647596,1.236283201754386,1.0151277443609021,1.248775438596491,1.362291812865497,3.533561992481203,3.5305389473684206,1.0,1.0522934490481524,0.9756175986842106,1.68006505407354,1.1316144283121596,1.0,1.073176631578948,1.0595054210526316,1.0729784837092733,1.0314476801619437,1.0,1.1760419590643272,1.0916705263157893,1.0220004643962852,1.2194247368421054,1.3506945614035086,1.2057499999999997,1.1649973684210528,1.3378961722488034,1.143057894736842,2.33350977443609,1.9005533717105256,1.0,1.0,1.7227900705371682,1.2087964638157898,1.2799897005444645,1.6536944331983803,1.4028084854994627,1.7201718331846563,1.0,
1850.1.1,1.0323775037593983,0.9891216856330011,1.048639557017544,0.9287791940789473,1.0,1.0,1.033059342105263,1.2330782017543862,1.045924812030075,1.3642763421052633,1.1551806636155606,1.2145515789473682,1.0056446616541352,1.2370678362573102,1.3446332846003894,3.584476428571428,3.58017076754386,1.0,1.0518451287793953,0.9914883881578946,1.6963751333813986,1.1318869328493653,1.0,1.071991236842105,1.0775361578947371,1.0574432644110279,1.0345478663967609,1.0,1.1624318713450292,1.1156415789473686,1.0233175696594428,1.2173173684210525,1.3348892982456142,1.214969736842106,1.1762526315789479,1.285451674641148,1.1521763157894733,2.1512512531328323,1.7982330592105258,1.0,1.0,1.616908111774281,1.1610935444078945,1.2477894736842103,1.7091736558704451,1.3122799140708914,1.7812930107047285,1.0,
1851.1.1,1.031971097744361,0.9961697866287338,1.0616171228070177,0.9640603289473683,1.0,1.0,1.0065855263157895,1.206648903508772,1.0504406015037597,1.3498940263157897,1.1568986270022885,1.194839166666667,0.9945057894736842,1.2165795321637425,1.3257065302144246,3.6362561654135335,3.635290416666668,1.0,1.0539747480403137,1.0005103618421054,1.6847560057678443,1.1228041742286752,1.0,1.068566842105263,1.0888761710526313,1.045652299498747,1.035196275303643,1.0,1.1451631578947368,1.1409300000000002,1.0257193498452013,1.217844210526316,1.319435263157895,1.2259456140350877,1.1922973684210527,1.2306131578947364,1.1591671052631582,1.8850769423558895,1.6354921874999997,1.0,1.0,1.442483939229517,1.100672944078947,1.208459029038112,1.759064437246964,1.2185793770139632,1.8424142016057092,1.0,
1852.1.1,1.028554210526316,1.007169146514936,1.0843059298245616,0.9839975822368423,1.0,1.0,0.9920973684210528,1.1882537938596494,1.049311654135338,1.3410432894736841,1.159761899313501,1.177761052631579,0.9894631578947369,1.1955058479532163,1.3327796783625732,3.688562857142857,3.6844830921052636,1.0,1.0663045352743563,1.0288933388157893,1.6624126532083636,1.115265154264973,1.0,1.058715157894737,1.0964888552631578,1.0445171177944863,1.0536555789473685,1.0,1.1300896198830408,1.1467252631578946,1.0298256191950466,1.2185027631578944,1.2995908771929823,1.2221406432748538,1.1984039473684207,1.1827184210526314,1.1599774291497975,1.5615781954887213,1.436942845394737,1.0,1.0,1.2973341562669563,1.0658114720394736,1.1697644283121595,1.7790110283400815,1.1578865198711064,1.897704531668153,1.0,
1853.1.1,1.020696917293233,1.00504046230441,1.0958039824561403,0.9635006414473682,1.0,1.0,0.9913071052631576,1.1855977192982454,1.048182706766917,1.3463116315789478,1.1544934782608696,1.1808779824561404,0.9937531578947366,1.1835055555555556,1.3345845029239767,3.7226939097744354,3.718200131578947,1.0,1.0735343784994396,1.022851282894737,1.6425374693583277,1.1088164246823955,1.0,1.0509181315789475,1.0837922631578947,1.0335916729323311,1.079036623481781,1.0,1.120138157894737,1.1353984210526318,1.0351715170278637,1.2077025,1.2832587719298247,1.2067744152046784,1.1915789473684213,1.1982842105263156,1.162814170040486,1.4234739348370924,1.3319062500000003,1.0,1.0,1.2334628052088983,1.0783237664473684,1.1765769056261344,1.7648514655870444,1.185141783029001,1.940462578055308,1.0,
1854.1.1,1.017526271062271,0.9964483714483713,1.095114158119658,0.9710775641025646,1.0,1.0,0.9957649999999999,1.181352136752137,1.0465809523809522,1.3633544871794872,1.154995652173913,1.1813305128205132,0.9958933333333334,1.1799407407407403,1.3296651946818616,3.7356359340659337,3.728709166666668,1.0,1.07257746863066,1.0133463942307692,1.6174692939936777,1.1059378426171529,1.0,1.0536164615384618,1.0689903974358974,1.0326325702075703,1.0886387495069036,1.0,1.1122092592592596,1.1226866666666668,1.0395539215686278,1.20366,1.2744555555555557,1.1862148148148153,1.1779166666666667,1.215133333333333,1.175223076923077,1.3777833943833946,1.2981309294871792,1.0,1.0,1.2432202484800423,1.1067536858974356,1.1996622900088416,1.7262154082840242,1.218684092098378,1.9752104432855275,1.0,
1855.1.1,1.0152629924812036,0.9886375675675675,1.0763420175438596,0.9662499506578949,1.0,1.0,0.9978926315789473,1.176268464912281,1.0459248120300746,1.3689389473684208,1.1376574370709382,1.1736341666666668,0.9973657894736846,1.1694564327485377,1.3011698830409357,3.8447679699248125,3.8272100000000004,1.0,1.0509482082866741,0.9890847861842106,1.5741217736121123,1.095736388384755,1.0,1.0460976842105265,1.0612835263157896,1.0279784210526317,1.0691687004048585,1.0,1.0987722222222223,1.1206468421052629,1.0359462848297216,1.1984827631578945,1.2690340350877194,1.1808713450292398,1.171822368421052,1.2619842105263153,1.1994884615384616,1.5057597744360904,1.3812966282894736,1.0,1.0,1.2638777265328272,1.1277139802631575,1.2455186479128852,1.7083388380566802,1.2507805585392051,2.0095130017841214,1.0,
1856.1.1,1.011289172932331,0.9858254409672832,1.0654629912280702,0.985824917763158,1.0,1.0,1.0088246052631578,1.1428367324561401,1.0395274436090234,1.354740842105263,1.1184162471395882,1.1612099561403506,0.9928499999999996,1.1600903508771925,1.2718526803118906,4.015009172932331,3.9733833552631577,1.0,1.049603247480403,1.0010042763157896,1.5215975558759915,1.0828379310344831,1.0,1.0351132105263159,1.0496537368421053,1.0269372869674185,1.0480063441295544,1.0,1.087796929824561,1.1267055263157897,1.0316075851393192,1.185311710526316,1.2537556140350876,1.1816030701754383,1.1617644736842105,1.2761131578947367,1.2229926113360325,1.630317418546366,1.442705427631579,1.0,1.0,1.2876395008138901,1.1426957236842104,1.2487433756805808,1.726834615384615,1.2668542427497316,2.055753465655665,1.0,
1857.1.1,1.0063520300751883,0.978862745376956,1.056230293859649,0.983503601973684,1.0,1.0,1.018044342105263,1.1219172149122802,1.0278616541353385,1.3309545263157898,1.098716933638444,1.159366096491228,0.9890868421052632,1.151895029239766,1.26604790448343,4.218102105263158,4.178803048245614,1.0,1.0401875699888012,0.9992262006578948,1.4630256308579666,1.0723010889292197,1.0,1.0218108157894736,1.0400390789473684,1.029182612781955,1.0500893481781375,1.0,1.0828211988304093,1.1232810526315788,1.026726547987616,1.1622623684210525,1.2326819298245615,1.179846929824562,1.154102033492823,1.2878473684210525,1.2413303643724694,1.7607709273182965,1.515720641447368,1.0,1.0,1.3278034997287034,1.1460706825657891,1.2399326225045373,1.7729686882591091,1.2887338882921588,2.110302671721677,1.0,
1858.1.1,1.0010386315789472,0.9678562660028449,1.0555146798245614,0.9789267927631575,1.0,1.0,1.0318739473684209,1.1067050438596493,1.010174812030075,1.3187321052631575,1.0966553775743706,1.1577416228070179,0.9888610526315793,1.160090350877193,1.2825356237816763,4.316017142857143,4.291808070175438,1.0,1.0413084546472564,1.0054329111842106,1.4048867195385724,1.0786595281306717,1.0,1.0183864473684212,1.027987789473684,1.030781904761905,1.0564153603238868,1.0,1.079601461988304,1.1335544736842107,1.0249445820433438,1.114453289473684,1.1984371929824567,1.1583342105263157,1.1274021531100478,1.2787473684210524,1.2787152834008095,1.8086874686716792,1.5134981085526318,1.0,1.0,1.3616400976668472,1.1604351562500002,1.2189049455535395,1.8284479190283407,1.3020121374865732,2.1714238492417484,1.0,
1859.1.1,1.0033266466165411,0.963129025604552,1.049157592105263,0.9724402138157893,1.0,1.0,1.035430131578947,1.1123245833333333,0.998885338345865,1.311356447368421,1.0915014874141873,1.1546244736842106,0.9864526315789476,1.1633099415204677,1.313023538011696,4.331784436090226,4.331408092105263,1.0,1.0283057670772673,0.9974152467105261,1.3510346359048313,1.0808395644283124,1.0,1.012617736842105,1.0251692894736841,1.034651610275689,1.0465393400809715,1.0,1.078869883040936,1.1393497368421055,1.024247291021672,1.076785657894737,1.1785928070175438,1.1393093567251462,1.1069285885167457,1.2816210526315786,1.2880363360323888,1.8662622807017544,1.5516931743421054,1.0,1.0,1.399794492674987,1.1732355263157896,1.221311887477314,1.883854198380567,1.2889489258861437,2.23254504014273,1.0,
1860.1.1,1.0068493186813186,0.9571654192654195,1.0292336324786324,0.9532236217948721,1.0,1.0,1.0453016666666668,1.1027285042735044,0.9879142857142863,1.3279609487179487,1.0863652173913045,1.1320091452991452,0.9859933333333337,1.168818518518518,1.3321840455840455,4.30831923076923,4.305104871794872,1.0,1.023156683033279,0.9936316025641025,1.3063544011239903,1.075403448275862,1.0,1.013192487179487,1.025460730769231,1.0363663736263737,1.0230046942800788,1.0,1.0645856125356123,1.1455300000000002,1.0215872549019611,1.0418366666666667,1.1538237606837611,1.1196240740740748,1.081437878787879,1.2645999999999997,1.2916083826429985,1.8903706959706958,1.5353017628205123,1.0,1.0,1.4108964314036478,1.1842334935897436,1.1958565870910698,1.9411825285996052,1.2557166405023552,2.295953611473273,1.0,
1861.1.1,1.0090615939849625,0.9610146230440965,1.0135043991228072,0.9690487499999998,1.0,1.0,1.0503134210526317,1.0918440789473682,0.9883484962406017,1.3376715263157897,1.0682521739130437,1.095663377192983,0.9832163157894739,1.151895029239766,1.3232185185185183,4.317447180451128,4.318237324561405,1.0,1.0526855543113103,1.0158213651315788,1.2726019394376349,1.0640351179673317,1.0,1.0047416315789475,1.0306483289473687,1.0387157142857142,1.007343194331984,1.0,1.0531159356725146,1.1388228947368422,1.017351857585139,1.0321373684210524,1.1376784210526318,1.109162280701754,1.0713677033492819,1.2231894736842097,1.2553122469635631,1.8201012531328324,1.4645197368421052,1.0,1.0,1.3715520347259902,1.174882072368421,1.152460707803993,1.9809448663967615,1.2084190655209452,2.3501709366636923,1.0,
1862.1.1,1.0090013834586469,0.959476842105263,1.0061112236842105,0.9865164967105262,1.0,1.0,1.0455718421052629,1.0704415570175436,0.9913590225563902,1.3616686578947372,1.0500431350114419,1.0588292105263157,0.9856247368421054,1.122918713450292,1.31195014619883,4.209823308270676,4.253151907894738,1.0,1.0480336506159016,1.0142572697368424,1.2443407570295604,1.0479573502722326,1.0,0.9974186578947369,1.0519717631578946,1.0348334899749378,1.0017912105263156,1.0,1.054140350877193,1.1253884210526315,1.0081322755417956,1.0434642105263159,1.1304803508771937,1.101113304093567,1.068374282296651,1.1690684210526319,1.2279571862348178,1.6091180451127816,1.3106685855263156,1.0,1.0,1.2973613402061859,1.148911143092105,1.1042739110707807,1.9828171457489883,1.1604665950590765,2.363948880463872,1.0,
1863.1.1,1.00857992481203,0.9616553556187768,1.0068400131578947,1.0222585855263155,1.0,1.0,1.0441230263157895,1.0680927850877193,0.9951221804511278,1.3748130789473687,1.030345194508009,1.0254194736842106,0.9880331578947369,1.0977473684210524,1.2993650097465885,4.138738909774436,4.18479572368421,1.0,1.0425970884658453,1.010651825657895,1.2076647512617158,1.0346046279491834,1.0,0.9904643684210525,1.079380052631579,1.0307693796992479,0.9960285060728744,1.0,1.054141081871345,1.114851578947368,0.9965889318885449,1.0543961842105263,1.1327628070175446,1.0918935672514616,1.06813480861244,1.137218421052631,1.206984817813765,1.3982604010025064,1.1800306743421052,1.0,1.0,1.2335172002170371,1.1310069901315787,1.0742536751361165,1.9498051781376515,1.1231582169709988,2.3391521543264946,1.0,
1864.1.1,0.9961316842105262,0.9509407681365577,1.0064097719298246,1.023493338815789,1.0,1.0,1.0263421052631578,1.0595317543859646,0.9939932330827076,1.3751028421052633,1.0114487414187643,1.0100976315789474,0.9910436842105262,1.0711125730994153,1.2820479044834305,4.071718533834587,4.1159346710526306,1.0,1.0008428331466963,0.9808694736842102,1.1728073900504685,1.0193443738656989,1.0,0.9959697368421052,1.0941839736842105,1.0257519611528825,0.9879720566801615,1.0,1.0525314327485378,1.1090563157894737,0.9878346749226008,1.0574255263157895,1.1375040350877197,1.082528216374269,1.0586755980861242,1.1127921052631575,1.1931048582995951,1.2611586466165408,1.1136826480263158,1.0,1.0,1.2110317959848076,1.1340938322368417,1.0650794918330309,1.8947717368421053,1.0910108485499463,2.281817011596788,1.0,
1865.1.1,0.9787010977443606,0.9362037908961593,1.0108922105263156,1.0266213815789473,1.0,1.0,1.0151467105263157,1.0458122587719296,0.9894774436090229,1.3686492631578955,0.9986212814645304,1.0011414912280703,0.9915705263157896,1.048282748538012,1.263315984405458,4.08853954887218,4.090581008771928,1.0,1.0000021276595743,0.960438404605263,1.1274134246575345,1.010805898366606,1.0,0.9977082105263161,1.08470102631579,1.028128947368421,0.9818810890688261,1.0,1.0427271929824562,1.1101099999999997,0.9776085139318886,1.0446498684210523,1.136801578947369,1.0639441520467834,1.039397966507177,1.0895638755980863,1.1819609311740886,1.2359461152882205,1.1151643914473681,1.0,1.0,1.2129326641345632,1.1531090460526316,1.0565866606170597,1.839292502024292,1.0796145005370568,2.220695829616414,1.0,
1866.1.1,0.9679101245421244,0.925242390852391,1.0207681367521366,1.033526298076923,1.0,1.0,0.9971766666666665,1.0286176068376067,0.986814285714286,1.3512916153846155,0.9922956521739131,1.0001711111111111,0.9899533333333335,1.0236592592592593,1.237647625830959,4.109333882783884,4.094471965811965,1.0,0.9977085106382979,0.9589503846153844,1.0868286476993325,1.0074310344827588,1.0,1.0148863076923076,1.0761897051282048,1.0260204884004884,0.9810228875739643,1.0,1.0356425925925927,1.1155,0.9751631975867272,1.0251533333333334,1.1211458119658122,1.0412024216524218,1.017854545454546,1.0623006993006996,1.1917083826429977,1.2639958485958482,1.1240822916666664,1.0,1.0,1.224936426116838,1.1793407852564104,1.0568614942528738,1.7817370295857988,1.0944918890633175,2.157339456757932,1.0,
1867.1.1,0.9655754586466168,0.9184339402560455,1.027654157894737,1.036021973684211,1.0,1.0,0.9926242105263159,1.0153439035087717,0.9913590225563907,1.3517379736842106,0.9902605263157894,0.9992097368421055,0.9863773684210526,1.0032084795321639,1.2239993177387913,4.269279887218046,4.167081074561405,1.0,0.9955183650615897,0.9533262171052632,1.0369285868781544,1.0085350272232307,1.0,1.009535552631579,1.067961013157895,1.0219574999999999,0.9806167004048584,1.0,1.030873245614035,1.1130076315789477,0.9738123839009292,1.011195394736842,1.099397368421053,1.0188729532163745,1.004794019138756,1.0459796650717703,1.2214738866396762,1.3130898496240604,1.1317928453947372,1.0,1.0,1.2444610689093876,1.2034872121710523,1.0562687386569873,1.7240626761133602,1.1372435016111708,2.097283724353256,1.0,
1868.1.1,0.9715211278195489,0.9203205618776674,1.028826350877193,1.0306055098684208,1.0,1.0,0.993282763157895,1.0192073026315789,0.9936169172932333,1.3695447631578948,0.9928947368421056,1.0031610526315788,0.9866031578947368,1.0032084795321634,1.220340789473684,4.557307969924812,4.357990986842105,1.0,0.9910346024636058,0.9533261842105264,0.994926560922855,1.0119867513611616,1.0,1.0124068157894741,1.0677766315789476,1.021719179197995,0.9817433117408907,1.0,1.0321903508771928,1.1093197368421048,0.9745096749226009,0.9998682894736839,1.0821871929824562,1.0048238304093569,1.0006032296650715,1.0450215311004787,1.2552108299595144,1.3955008771929824,1.1406009868421054,1.0,1.0,1.2482901519262077,1.2148467927631574,1.050727813067151,1.6813084129554654,1.1855719656283563,2.064870298840321,1.0,
1869.1.1,0.9679085714285713,0.9170599075391179,1.0287824473684213,1.015162845394737,1.0,1.0,0.9917022368421053,1.030182894736842,0.9970037593984957,1.3739438157894734,0.9916348970251716,1.0019756578947367,0.9882589473684211,1.0052573099415198,1.2224869883040932,4.84473947368421,4.641196798245614,1.0,0.9860464725643897,0.9488316776315788,0.9479593150684936,1.0115325771324863,1.0,0.9933882631578946,1.0608883157894735,1.0225784210526316,0.9811232712550607,1.0,1.043604239766082,1.100890263157895,0.9699387770897836,0.9965755263157898,1.0765677192982461,0.9988236842105264,0.9995255980861247,1.0457397129186603,1.2745616396761135,1.4490614035087717,1.1442230263157893,1.0,1.0,1.2463349430276727,1.2281822779605263,1.0386470508166972,1.6479560283400814,1.225191890440386,2.0555704237288137,1.0,
1870.1.1,0.9589073082706767,0.915749957325747,1.032839052631579,1.0090384375,1.0,1.0,0.9924925,1.055536578947368,0.995122180451128,1.3585340526315792,0.9908331807780322,0.9978487280701754,0.9897642105263157,1.004379239766082,1.232340350877193,4.983492105263158,4.854646381578948,1.0,0.9848136058230681,0.9536554111842106,0.9064480173035329,1.0118050816696913,1.0,0.9827199736842107,1.0537893157894735,1.0266362531328324,0.9828415546558705,1.0,1.063945029239766,1.0945681578947373,0.9584724458204337,0.9907802631578948,1.0653284210526317,0.9939942982456142,0.994496650717703,1.0462186602870815,1.2540961538461535,1.4920860902255637,1.1583819078947366,1.0,1.0,1.2286833966359199,1.2228727796052634,1.0490019056261344,1.6333993198380572,1.2381475832438238,2.072848652988403,1.0,
1871.1.1,0.9538196390977445,0.9141267638691323,1.0362546666666665,1.019640904605263,1.0,1.0,0.9944681578947371,1.0660293421052633,0.9921116541353393,1.3473125263157892,0.9894588100686498,0.9953023245614037,0.9936026315789473,0.9994035087719295,1.2356574074074074,4.964213233082705,4.952390986842104,1.0,0.9836927771556547,0.9550383552631583,0.865824390771449,1.013985117967332,1.0,0.9875404736842105,1.0498381052631574,1.0215247556390978,0.9838060607287448,1.0,1.064383625730994,1.096938947368421,0.950027476780186,0.9901217105263164,1.0451328070175439,0.9881404970760235,0.9898269138755978,1.0375992822966509,1.218129858299595,1.4256053884711781,1.1433180921052633,1.0,1.0,1.2045415626695606,1.2062448190789479,1.0376934210526316,1.6233976639676118,1.2065377013963479,2.0829119937555753,1.0,
1872.1.1,0.9526717655677653,0.9154407276507276,1.0315050811965811,1.0121593269230769,1.0,1.0,0.9964066666666666,1.0749022222222224,0.9875476190476195,1.3179511794871797,0.9940811594202893,0.995936111111111,0.9941333333333332,1.0008444444444449,1.228901946818613,4.935138168498169,4.962163931623931,1.0,0.9868960174577193,0.9612281570512821,0.8369255707762558,1.014068965517242,1.0,1.0006416923076922,1.0464812564102564,1.0160412881562881,0.9891333806706117,1.0,1.0635884615384614,1.08701,0.9650470588235297,0.9851133333333334,1.0140311111111109,0.9874462962962961,0.9891545454545461,1.037335198135198,1.2067124260355029,1.32009536019536,1.1260887019230768,1.0,1.0,1.1787905101771081,1.1696356169871793,1.0490288682581788,1.6002858461538463,1.156718733647305,2.066886153846154,1.0,
1873.1.1,0.9507790526315789,0.9135002560455194,1.0287341535087722,1.0036878289473687,1.0,1.0,0.9942047368421051,1.0705294517543862,0.9849616541353389,1.3034012368421048,0.9954144164759724,0.9986828947368421,0.9912694736842106,1.0075988304093564,1.214145467836257,4.933431278195488,4.961168245614036,1.0,0.9858784994400891,0.9635499835526316,0.8237862725306415,1.0114417422867517,1.0,1.012169789473684,1.0408688289473687,1.0114773746867165,0.9947073927125506,1.0,1.0538475146198827,1.0640113157894737,0.9789245356037156,0.9878826315789476,1.0003512280701747,0.9919454678362573,0.9942571770334933,1.038078229665072,1.204756275303644,1.1871528822055142,1.0945865953947371,1.0,1.0,1.1555517905588715,1.1397733963815786,1.0490023593466424,1.560465821862348,1.1026763694951667,2.022723916146298,1.0,
1874.1.1,0.9477987368421052,0.9116705832147937,1.0264556315789475,0.9862859703947371,1.0,1.0,0.9943364473684212,1.0777075438596493,0.9853379699248124,1.2776656052631579,0.9980486270022882,1.0005707456140351,0.9886352631578946,1.0178429824561406,1.2079992202729046,4.962143496240602,4.9779170394736845,1.0,0.9871675251959687,0.9735927138157897,0.8219748377793797,1.0076266787658805,1.0,1.0129337368421054,1.0288044342105263,1.0119665726817042,1.0015683400809716,1.0,1.0589691520467837,1.0424107894736843,0.9974406346749227,0.9866972368421053,0.9926242105263157,0.9970675438596491,0.9973703349282294,1.0471765550239238,1.2257279352226722,1.1354736842105262,1.0803458881578947,1.0,1.0,1.1393395279435707,1.1191530016447364,1.0762975499092557,1.508727089068826,1.0892903866809882,1.9619063380909905,1.0,
1875.1.1,0.9607286466165418,0.9170741536273113,1.0348717368421052,0.9926737828947366,1.0,1.0,0.9947315789473682,1.0777514254385963,0.9898537593984961,1.3035329473684212,0.999079405034325,1.001931754385965,0.9886352631578949,1.0213552631578944,1.1861454678362575,5.0,5.0,1.0,0.9831884658454644,0.9700366118421052,0.8234614852198991,1.0088075317604357,1.0,1.0081658947368421,1.0246029210526315,1.0231428759398495,0.9994974898785424,1.0,1.059993567251462,1.0292397368421051,0.9893837461300309,0.990911973684211,0.9984194736842104,0.9967748538011698,0.9971308612440193,1.0481349282296655,1.2498404858299592,1.1210482456140347,1.069315542763158,1.0,1.0,1.1208733315246884,1.112896998355263,1.0804757259528133,1.4605424251012147,1.0890752953813103,1.9009994513826938,1.0,
1876.1.1,0.9620080751879698,0.9135358392603126,1.0357454078947368,1.0043792598684214,1.0,1.0,0.9949949999999997,1.0799245614035087,0.9894774436090228,1.326687105263158,0.996903318077803,1.0002195175438595,0.9920221052631577,1.013159941520468,1.1541941520467836,5.0,5.0,1.0,0.9749500559910415,0.9614097861842107,0.8226604253785146,1.0053560798548096,1.0,1.002607710526316,1.021283934210526,1.0268495050125312,0.9924258097165991,1.0,1.0475548245614033,1.0242347368421054,0.9790020897832816,0.992097368421053,0.998770701754386,0.9939942982456144,0.9960532296650719,1.0421492822966503,1.2332254048582993,1.1026093984962406,1.0535928453947367,1.0,1.0,1.0863035539880632,1.0896838404605262,1.0715740925589836,1.4123091336032387,1.0784312567132115,1.840092578055308,1.0,
1877.1.1,0.9662377894736843,0.9108589971550497,1.0360263815789474,1.0073426644736845,1.0,1.0,0.9940730263157891,1.0925683552631578,0.9932406015037597,1.352844157894737,0.9948417620137302,0.9989902192982455,0.9931510526315787,1.002037719298246,1.1060966374269003,5.0,5.0,1.0,0.9676083426651735,0.9507414309210525,0.820755205479452,0.9963643375680584,1.0,1.0014486578947368,1.0261307368421053,1.028298276942356,0.9820067408906883,1.0,1.033799707602339,1.0252884210526312,0.9555274767801858,0.9961803947368417,1.0031610526315788,0.993262573099415,0.9996453349282293,1.0301784688995212,1.21154483805668,1.05368984962406,1.0377052631578947,1.0,1.0,1.0325343190450353,1.0495130756578945,1.0537709618874775,1.3619036842105263,1.0588097207303977,1.7790785459411238,1.0,
1878.1.1,0.955135750915751,0.8993266042966042,1.026927987179487,0.9881133493589743,1.0,1.0,0.9935833333333338,1.109700982905983,0.9908476190476192,1.3606852051282052,0.993523188405797,0.996492222222222,0.9944266666666668,1.0099703703703704,1.075999240265907,5.0,5.0,1.0,0.9676744135297324,0.9579237019230769,0.8193039058658238,0.9936253757736516,1.019886082051282,0.9988192564102564,1.0141805,1.0220178205128208,0.9790485996055228,1.0,1.0293685185185182,1.0382433333333336,0.9676886877828051,0.9943533333333334,1.0017111111111114,0.9944333333333328,1.0031545454545456,1.0284729603729605,1.218559368836292,1.0404577533577535,1.0305625,1.0,1.0,1.0376007137192702,1.0308388221153846,1.0722612732095491,1.3108555384615383,1.0500735217163788,1.7156699652325078,1.0,
1879.1.1,0.953714255639098,0.8959012944523469,1.027684912280702,0.9817420230263157,1.0,1.0,0.9932827631578945,1.1217196271929821,0.9891011278195496,1.3646452105263154,0.9932383295194506,0.9978926315789475,0.993151052631579,1.0152087719298246,1.0722919103313837,4.984307969924812,4.990846315789474,1.0,0.9666554871220606,0.9610969243421051,0.8226532588320113,0.9881895644283123,1.087401063157895,1.0002106578947367,1.006124342105263,1.022001409774436,0.97430691902834,1.0,1.0348245614035088,1.0429376315789474,0.9680006965944272,0.9910436842105266,1.0001756140350875,0.993555263157895,1.0037163875598092,1.0270669856459327,1.2338343117408905,1.0492997493734333,1.046842105263158,1.0,1.0,1.0916804666304942,1.0150633223684213,1.0839273593466427,1.291049141700405,1.0582725026852844,1.6679933586083855,1.0,
1880.1.1,0.9567999248120301,0.8953602204836417,1.0282776008771934,0.9722755263157898,1.0,1.0,0.9956535526315791,1.1322343640350876,0.9864669172932334,1.352027684210526,0.995987070938215,0.9996926754385967,0.990817894736842,1.0365751461988304,1.0832185672514618,4.979792330827068,4.987751206140351,1.0,0.9686173012318028,0.9633524013157896,0.8259368853640952,0.997544555353902,1.1999108210526317,1.0059795263157898,0.9975502368421052,1.0263289348370925,0.9763858704453443,1.0,1.0494587719298247,1.052947631578947,0.9998426470588235,0.9861703947368419,0.9938535087719295,0.9983846491228071,1.0022795454545452,1.0395181818181822,1.2960404858299592,1.072002506265664,1.0547447368421052,1.0,1.0,1.1327949267498643,1.0407460937500002,1.120987159709619,1.2963660647773274,1.089506015037594,1.6267488447814455,1.0,
1881.1.1,0.970602887218045,0.9018174395448076,1.0271492982456143,0.9751237335526314,1.0,1.0,0.9967072368421052,1.1513978070175437,0.9857142857142862,1.3491827105263159,0.9987358123569796,1.0032927631578947,0.9907426315789473,1.0409654970760238,1.105608820662768,4.965567857142858,4.975656096491229,1.0,0.9621721724524074,0.9599444078947367,0.8259802090843544,0.9998152450090748,1.3432928105263158,1.0025287894736843,0.9950214736842107,1.031120588972431,0.9769977975708503,1.0,1.0538489766081869,1.045308421052631,1.0058856037151704,0.9873557894736844,0.98999,0.998530994152047,1.0001242822966505,1.052687081339712,1.3338298582995947,1.089814536340852,1.0643760690789472,1.0,1.0,1.1307581931633213,1.0532580592105263,1.131024274047187,1.3332441457489876,1.1243950053705691,1.5855489696699379,1.0,
1882.1.1,0.9865432631578951,0.9080254978662871,1.019093192982456,0.9765395888157897,1.0,1.0,0.9961803947368423,1.1729100438596491,0.9857142857142862,1.3433612894736842,1.0045768878718537,1.0069367543859649,0.9895384210526318,1.0520877192982454,1.1013650097465886,4.931173383458648,4.902580394736842,1.0,0.9588655095184768,0.9620188157894735,0.8220687022350397,1.0052650635208713,1.4875387999999998,1.0008166578947366,0.9974185526315787,1.042020939849624,0.9807707125506074,1.0,1.0620425438596486,1.056372105263158,1.0098366873065017,0.9885411842105262,0.9896387719298242,1.0001407894736845,0.9991663875598085,1.069449282296651,1.3722273279352224,1.0723781954887215,1.054169078947368,1.0,1.0,1.0675657352143244,1.0692276315789475,1.1427870689655173,1.3760065141700406,1.1468120300751878,1.5329999330954502,1.0,
1883.1.1,1.0016106616541356,0.9144827240398296,1.0095136666666666,0.979503042763158,1.0,1.0,1.0038196052631578,1.1614953728070179,0.981951127819549,1.3469963684210522,1.0106470251716249,1.012951447368421,0.9905168421052633,1.061453801169591,1.0973648635477582,4.943403345864661,4.797433947368423,1.0,0.9534851063829788,0.9708597203947366,0.8184097837058399,1.0077175136116152,1.6317848000000001,0.9883833421052632,0.9940468552631581,1.048173565162907,0.9828294008097165,1.0,1.0610179824561403,1.056898947368421,1.009449226006192,0.9885411842105265,0.9894631578947369,0.9948723684210531,0.9930598086124395,1.0732789473684214,1.3871199392712545,1.0797789473684207,1.0607546052631578,1.0,1.0,1.0545580032555617,1.092646710526316,1.1237575317604354,1.4310156437246964,1.170841675617615,1.4734145896520963,1.0,
1884.1.1,1.0097678241758241,0.9150175883575884,1.0029815470085468,0.9781678365384615,1.0,1.0,1.0082133333333336,1.1191547649572648,0.9772809523809521,1.3609161538461536,1.0151724637681159,1.019207136752137,0.9908333333333331,1.0681481481481478,1.0823200854700854,4.953471098901099,4.588444658119658,1.0,0.9508553191489361,0.9838945993589746,0.8189523217421848,1.0079620689655175,1.7814290358974358,0.9817512820512819,0.99147891025641,1.0521510134310137,0.9862232465483236,1.0,1.062019373219373,1.0621133333333335,1.0013564102564103,0.9866533333333339,0.9861400000000003,0.9927222222222224,0.9862378787878785,1.0634668997668997,1.3858807692307693,1.0756555555555556,1.060640625,1.0,1.0,1.0567841924398627,1.1159371794871793,1.083899160035367,1.4760976213017754,1.163842386185243,1.4160338678835285,1.0,
1885.1.1,1.0139083909774436,0.9085167283072548,0.9987092587719297,0.9811493914473683,1.0,1.0,1.0109319736842104,1.0749634868421054,0.9800695488721803,1.3826890263157892,1.0164881006864988,1.0181320614035088,0.9921726315789475,1.0696491228070175,1.0785838206627676,4.999924736842106,4.343570087719298,1.0,0.9517477603583424,0.9822030921052634,0.8185396683489548,1.0079900181488206,1.9316563157894735,0.9767666315789473,0.9870531842105263,1.0475024999999998,0.9851393481781381,1.0,1.0532625730994152,1.062957631578947,0.9949619195046441,0.987355789473685,0.9854240350877196,0.9897502923976609,0.9838400717703352,1.04694019138756,1.3887409919028344,1.0647263157894737,1.0520287828947368,1.0,1.0,1.0514894465545306,1.1276314967105263,1.0438244555353902,1.4863408785425103,1.1554133727175075,1.3579942105263154,1.0,
1886.1.1,1.010115157894737,0.9039318918918919,0.9921107236842105,0.9827628125000001,1.0,1.0,1.0082977631578949,1.0458561403508773,0.985337969924812,1.3945954210526312,1.014770137299771,1.0148832017543856,0.9938284210526314,1.0591122807017543,1.0737059454191031,4.999924736842106,4.046460087719297,1.0,0.9501784434490483,0.9754859539473683,0.8191242249459263,1.0060825771324862,2.0759022842105264,0.9889101842105263,0.983984381578947,1.0471512719298244,0.985358178137652,1.0,1.0441897660818713,1.0555818421052632,0.9848129256965943,0.9886728947368423,0.9882338596491226,0.9925308479532161,0.9874321770334931,1.0376035885167465,1.3873228744939268,1.046664160401002,1.0425620888157894,1.0,1.0,1.038481606077048,1.1199759457236842,1.0226603448275864,1.4597319190283404,1.124341299677766,1.3020341793041927,1.0,
1887.1.1,0.9948220451127818,0.8970403840682788,0.9923214561403509,0.9879158388157895,1.0,1.0,1.0072440789473687,1.0432439035087717,0.9898537593984972,1.399363342105263,1.011906864988558,1.0029854385964916,0.9938284210526318,1.0479900584795323,1.0663892787524367,4.999924736842106,3.745947565789473,1.0,0.9499542553191487,0.9620353125,0.8191602956020186,1.005991742286751,2.2201482947368425,0.9932039473684211,0.9829965657894739,1.0418766979949876,0.9854392186234822,1.0,1.032189912280702,1.0518939473684212,0.9810943498452014,0.9878826315789473,0.9887607017543857,0.9931162280701753,0.9918624401913875,1.0349720095693782,1.3987715587044538,1.0233340852130328,1.0322722039473682,1.0,1.0,1.0209929734129135,1.0962687499999997,1.0206622050816698,1.407105680161943,1.1027302363050484,1.2422032917038357,1.0,
1888.1.1,0.9810943157894735,0.8912594879089616,0.995451710526316,0.9871913980263157,1.0,1.0,1.009483157894737,1.0426293201754384,0.9849616541353385,1.388879447368421,1.0120213958810071,0.9966633333333336,0.9939036842105268,1.03686783625731,1.0575603313840158,5.0,3.445435131578948,1.0,0.9458628219484885,0.9626444243421052,0.8196510237923577,1.0058100725952814,2.3643942736842103,0.9956273157894737,0.9821931578947369,1.0342376691729323,0.9851190728744939,1.0,1.0261902046783624,1.04346447368421,0.9812494582043346,0.9864338157894739,0.986302105263158,0.9913600877192985,0.9897071770334923,1.0342538277511961,1.402418927125506,1.013551378446115,1.0300495888157895,1.0,1.0,1.0184947097124257,1.0855263569078946,1.0190727313974595,1.3516264534412954,1.0873552631578944,1.1810821097234614,1.0,
1889.1.1,0.9850831879699244,0.8907896159317213,0.998880495614035,0.9864835032894737,1.0,1.001527803827751,1.0122490789473686,1.0482707675438596,0.9827037593984965,1.3885107368421052,1.0135102974828376,0.9917022368421055,0.9930757894736842,1.0362824561403505,1.0515115984405459,5.0,3.144922631578947,1.0,0.9451902575587907,0.9637968585526313,0.8186623215573178,1.0078991833030857,2.50864027368421,0.9863551052631576,0.9878960921052633,1.024503865914787,0.9852892874493924,1.0106024342105264,1.0291168128654968,1.0447815789473685,0.9824119195046442,0.9860386842105262,0.9838435087719298,0.993262573099415,0.9885098086124404,1.0356906698564596,1.4129554655870449,1.0095380952380952,1.0273330592105265,1.006427327067669,1.0105036513157897,1.0140954150841022,1.0685692434210528,1.0204351633393831,1.3007306315789475,1.065475725026853,1.1232513693131132,1.0,
1890.1.1,0.9897922490842493,0.8880196604296604,0.9951063376068378,0.9820498237179489,1.0,1.013414020979021,1.0188649999999997,1.060208418803419,0.982780952380953,1.387146897435897,1.0157304347826086,0.9915727777777779,0.99296,1.0481851851851849,1.045104938271605,4.998753333333333,2.833163803418804,1.0,0.9410255319148937,0.9660886538461539,0.817574092026695,1.007696551724138,2.657011476923077,0.9741543076923076,0.9822518846153845,1.0117941697191701,0.9804306193293887,1.0923176442307694,1.0377809116809116,1.04774,0.9840703619909504,0.9848566666666667,0.9827177777777786,0.9902981481481482,0.9839045454545455,1.034309090909091,1.41905,1.0089269841269841,1.0253489583333335,1.030817611721612,1.0922213942307695,1.0141044673539519,1.068816105769231,1.0261062776304157,1.2634088481262327,1.0412734693877552,1.0808742068665798,1.0,
1891.1.1,1.0036577293233082,0.8936160028449501,0.9885019342105265,0.9956537335526314,1.0,1.0359752870813395,1.0164638157894734,1.0466683771929823,0.9860906015037595,1.3914872368421052,1.0144265446224257,0.9924046929824565,1.00857977443609,1.0421362573099417,1.0344867933723196,4.945322518796993,2.5201903070175433,1.0,0.9445176931690927,0.9562730756578948,0.817089098774333,1.0000880217785846,2.7372000842105266,0.9716566578947367,0.9884887236842104,0.9977609711779448,0.9711662145748986,1.2474288815789474,1.0270676900584792,1.043201052631579,0.9669163312693501,0.9877509210526315,0.985775263157895,0.9900429824561406,0.9862348086124405,1.0251538277511958,1.4028245951417002,1.000631954887218,1.0209121710526319,1.0720364436090226,1.2473300986842109,0.9941084102007597,1.0464669819078947,1.016847096188748,1.2499442429149796,1.005266917293233,1.0555805307760926,1.0,
1892.1.1,1.0050274887218045,0.8952961593172117,0.9776185131578945,1.009943898026316,1.0,1.0673503995215312,1.011195394736842,1.0256609868421054,0.985714285714286,1.3894325526315794,1.0132812356979404,0.9933705701754385,1.0292013533834588,1.0257456140350873,1.0237548732943471,4.728193421052632,2.219677850877193,1.0,0.9479926091825304,0.9524042105263159,0.8170530209084353,0.9874630671506351,2.7204047684210524,0.9770039210526317,0.9899770131578945,0.98980835839599,0.9638959554655873,1.463033996710526,1.0117017543859648,1.0410936842105265,0.9511113003095977,0.9886728947368421,0.9861264912280698,0.9888722222222222,0.988629545454546,1.0184485645933012,1.3859052631578948,0.996868796992481,1.0177840460526317,1.1232819323308267,1.463033996710526,0.9717588985349973,1.030126809210526,1.0059474137931035,1.2340056315789476,0.9915588077336198,1.0435929304192686,1.0,
1893.1.1,1.0035071729323304,0.8979160668563301,0.970150701754386,1.0194432730263157,1.0,1.1001335741626794,0.9993414473684211,1.0053121271929826,0.985714285714286,1.3596404736842103,1.0081273455377577,0.9952145175438596,1.0349213533834585,1.0049646198830413,1.0251207602339178,4.349779135338347,1.9191653947368421,1.0,0.957016069428891,0.9598950493421053,0.8179767627974044,0.984465607985481,2.6130157894736845,0.9859599473684213,0.994823921052632,0.9866160213032583,0.9607228137651822,1.688418322368421,0.9989700292397661,1.0466255263157898,0.9418918730650155,0.9880143421052632,0.9857752631578949,0.9894576023391812,0.9894677033492826,1.0115038277511956,1.3485205465587042,0.9939837092731828,1.0154791118421052,1.174798353383459,1.688418322368421,0.9570131036353774,1.0159270970394736,0.9965917422867514,1.2065294291497977,0.9861293233082706,1.0350520428189116,1.0,
1894.1.1,0.988229127819549,0.8912594950213372,0.9727189912280703,1.0179122203947366,1.0,1.1329167583732054,0.9967072368421052,1.0294145394736842,0.9845853383458653,1.3390939736842107,1.0084709382151036,0.9945559649122807,1.0216752631578945,0.9970619883040935,1.0451693957115005,3.8436462781954885,1.618652894736842,1.0,0.9565116461366182,0.9742347368421057,0.8187850252343184,0.9900058983666062,2.4702027578947363,0.990780315789474,0.9837473289473684,0.9939477380952381,0.9664855222672064,1.8609880263157894,1.003799415204678,1.0613771052631582,0.9512666408668731,0.9841947368421052,0.9829654385964921,0.9939942982456138,0.9913834928229662,1.0148564593301437,1.3557134615384612,0.9948617794486218,1.015808388157895,1.2263147781954884,1.9138027138157894,0.9854727889310906,1.0210309621710527,1.0022235480943738,1.1810470850202432,0.9923649838882923,1.0404766057091879,1.0,
1895.1.1,0.9675172180451128,0.876066856330014,0.9802789999999999,1.0029140789473683,1.0,1.165699935406699,1.001975657894737,1.0666000000000004,0.9857142857142863,1.3298744210526317,1.0137393592677346,0.9940291228070177,1.0004515789473685,1.0043792397660816,1.0651693469785575,3.3284820676691735,1.3339453289473682,1.0,0.9542697648376259,0.9797005756578948,0.8189798774333095,1.0002693284936481,2.332036378947369,0.9843268157894736,0.9669546184210528,0.9900905952380951,0.969974765182186,1.9202069736842107,1.0155070175438596,1.0703334210526316,0.9591692724458204,0.9828776315789478,0.9826142105263164,0.9957504385964913,0.9928203349282301,1.0196459330143541,1.3753681174089065,0.9963670426065165,1.0181956414473685,1.277831203007519,2.1391870559210524,1.0092073521432448,1.032185197368421,1.0122149727767695,1.1869637773279353,0.9984392588614394,1.055156400535236,1.0,
1896.1.1,0.9522171282051283,0.8631651767151768,0.9880738418803419,0.9926692467948717,1.0,1.1997099930069934,1.0112933333333334,1.0965899572649571,0.9857142857142862,1.348776102564103,1.0257739130434786,0.9958505555555558,0.9931800000000001,1.013677777777778,1.0812742165242164,2.7940383150183155,1.1337494871794878,1.0,0.9414078014184397,0.9736441666666668,0.8183686828240252,1.0093781609195405,2.1896221538461536,0.9753606923076923,0.9540192307692307,0.9815387728937731,0.9656469625246549,1.9763371314102562,1.0218111111111108,1.0682733333333334,0.9618016591251886,0.9847283333333332,0.9828888888888883,0.9972851851851853,0.9941712121212118,1.0282424242424248,1.4108564102564103,0.9993936507936511,1.0220604166666665,1.3312755787545791,2.3730062019230775,1.0281017710811529,1.0433109375,1.02039792219275,1.1991805167652865,1.0067027210884354,1.061894354628422,1.0,
1897.1.1,0.9466998947368422,0.8591371123755336,0.9918868333333336,0.9823512664473683,1.0,1.2338525526315791,1.0173857894736842,1.0778830263157897,0.9857142857142862,1.3557682105263158,1.0353855835240278,0.9935461842105265,0.9939789473684211,1.0134526315789478,1.0847301656920074,2.2575124060150378,1.0263426315789472,1.0,0.9297212765957447,0.9624304769736844,0.8174571737563087,1.0095342105263159,2.045872989473684,0.9639386315789474,0.9502013684210528,0.9685407518796995,0.9539874939271255,2.0716540789473687,1.0204827485380117,1.054528157894737,0.9485554179566564,0.9852484210526313,0.9836678947368428,0.9938479532163741,0.9912637559808615,1.0335346889952148,1.422073886639676,1.0008828320802003,1.0225585526315788,1.384928169172932,2.6077362993421054,1.0085284047748238,1.0421868832236842,1.015711842105263,1.18858479757085,1.008760741138561,1.0570047591436218,1.0,
1898.1.1,0.9456010375939848,0.8628249217638694,0.9949643903508771,0.9847549342105263,1.0,1.2666357272727269,1.0198882894736845,1.0516293421052632,0.9898537593984958,1.353713552631579,1.035500114416476,0.9951706140350876,0.9940542105263157,1.0073061403508774,1.0902911793372316,1.7423480827067672,1.01780350877193,1.0,0.923612150055991,0.9537872039473684,0.8170169430425376,1.0037212341197825,1.9029967684210525,0.9659405526315789,0.957392605263158,0.9639435275689221,0.9430051174089067,2.2832091447368423,1.0128728070175435,1.0384594736842103,0.9380185758513936,0.9847215789473683,0.9863021052631576,0.9913600877192978,0.9899466507177036,1.0364083732057419,1.4161975708502024,0.9984994987468676,1.019183470394737,1.4364446015037593,2.82969625,0.9954933532284318,1.0335845394736842,1.0063107985480944,1.1427343927125506,1.0053741675617616,1.045910080285459,1.0,
1899.1.1,0.9371416541353386,0.8662564438122333,0.9963956008771928,0.983882351973684,1.0,1.2994189090909094,1.0251567105263157,1.0323121491228069,0.9943695488721799,1.3385145263157896,1.0369890160183068,0.995170614035088,0.993677894736842,1.0032084795321634,1.0992182261208576,1.3250990225563914,1.0259473903508771,1.0,0.9219867861142214,0.9456871710526318,0.8168509589041094,1.000814519056261,1.7589825894736841,0.9619892105263158,0.9571028815789472,0.9611713909774438,0.9422432429149799,2.508593519736842,1.0093605263157894,1.0237078947368423,0.9315880030959754,0.9837996052631585,0.9848971929824564,0.9910673976608187,0.9910242822966507,1.0380830143540671,1.4036344129554652,0.9962416040100257,1.0159730263157893,1.4879610187969923,3.051129375,0.9914198317959847,1.0297978618421053,1.0000890653357533,1.093378542510121,1.0018798066595058,1.0485129928635148,1.0,
1900.1.1,0.9307594736842103,0.8661353840682785,0.982302890350877,0.9763420888157897,1.0,1.3322020885167467,1.0326642105263162,1.0238608552631578,0.9988853383458643,1.3323241315789476,1.036645308924485,0.9952584210526315,0.9962368421052631,1.0075988304093568,1.086242738791423,1.0741399999999997,1.044167017543859,1.0,0.9229956326987679,0.9384267434210526,0.8168293078586879,0.999724500907441,1.6147365894736843,0.9611199736842104,0.9518082499999998,0.9574271177944861,0.9444518825910929,2.733977878289474,1.009360526315789,1.0126442105263163,0.9291862229102169,0.9877509210526317,0.9866533333333328,0.9931162280701753,0.9955742822966507,1.0402361244019138,1.3977580971659918,0.9951126566416044,1.0142443256578948,1.5394774473684205,3.2725625164473686,0.9820780249593054,1.0272872121710528,1.0004978675136116,1.0702020931174092,0.9989767991407089,1.0555537555753791,1.0,
1901.1.1,0.9231280000000001,0.8590516856330016,0.96458825,0.9661841282894738,1.0,1.3649852703349283,1.0424107894736845,1.0214023903508773,0.9966274436090229,1.3189954210526316,1.0401957665903891,0.9937217982456139,0.9995484210526316,1.010818421052632,1.0680477582846004,0.9853692857142856,1.0589182236842103,1.0,0.9237242441209405,0.934903552631579,0.8167066258111031,1.0019044464609799,1.4704906000000002,0.9524009210526316,0.9372941184210527,0.9545107518796995,0.946927983805668,2.959362220394737,1.0124337719298242,1.006848947368421,0.9246925696594428,0.9873557894736841,0.9831410526315789,0.9923845029239765,0.9956940191387557,1.0411937799043067,1.3787116396761128,0.9957398496240608,1.0149028782894738,1.5909938721804513,3.4967615131578955,0.9721388497015736,1.0262582236842106,0.9994532667876588,1.0610757813765181,0.9947299677765843,1.0632552899197145,1.0,
1902.1.1,0.9266537142857144,0.8584828690228691,0.9468541324786323,0.9557100160256411,1.0,1.3989953240093242,1.0515900000000002,1.0136885897435897,0.9919476190476201,1.3305788974358976,1.0381606465997772,0.9954655555555553,0.9997800000000001,1.0122518518518513,1.0486218423551754,0.986047619047619,1.0700547649572647,1.0,0.9250794326241132,0.9309101602564104,0.8169342255005267,0.9875186560565876,1.3208463487179487,0.9491554615384615,0.9282248589743591,0.9540088583638581,0.9412326114398423,3.1931813621794873,1.0089777777777775,1.0051333333333337,0.9161303921568628,0.988835,0.9847711111111108,0.9920092592592595,0.9949878787878786,1.0387389277389278,1.3895343195266272,0.9953603174603184,1.0139593749999998,1.644438241758242,3.730580657051282,0.9508388580491675,1.0192083333333335,0.9922982758620691,1.0615235187376724,0.9828704866562009,1.0671754715341157,1.0,
1903.1.1,0.9232183157894734,0.8538830583214791,0.9303399429824563,0.9514823026315791,1.0,1.433137885167464,1.0500500000000001,1.0070464254385965,0.9857142857142857,1.354003315789474,1.0324077803203664,0.9936339912280702,1.0020321052631578,1.0073061403508774,1.0571209064327483,0.9871755263157894,1.0743497807017544,1.0,0.9195767637178047,0.9210084868421055,0.8169591925018025,0.9540366606170599,1.1706717789473684,0.9349628157894736,0.9199218684210526,0.9463700062656641,0.9371694777327936,3.4277468092105265,0.9926771929824562,0.9928876315789479,0.9011396284829721,0.988277763157895,0.9848971929824563,0.9903356725146197,0.9921019138755983,1.0258717703349285,1.3799278340080972,0.9936073934837094,1.011198519736842,1.698090842105263,3.964322960526316,0.9246158166033641,1.0080246710526315,0.9763814428312161,1.0524235910931174,0.9601102577873253,1.0679654906333629,1.0,
1904.1.1,0.9239257744360903,0.850658001422475,0.9216999342105262,0.9509884046052633,1.0,1.4659210622009573,1.0347715789473684,0.998441447368421,0.9887248120300746,1.3640657368421052,1.0278265446224253,0.9984194736842106,1.000827894736842,1.0017450292397663,1.055364766081871,0.988643082706767,1.0786302631578948,1.0,0.9110016237402013,0.9116244078947373,0.8169158904109588,0.9229719600725955,1.0531360526315792,0.9331189736842106,0.9186442763157897,0.9336131954887218,0.9253928016194333,3.5533957565789476,0.9680912280701751,0.9794531578947372,0.8934694272445823,0.9915705263157898,0.9903412280701752,0.9896039473684209,0.9927005980861247,1.011264354066986,1.343859817813765,0.9943598997493733,1.0158083881578945,1.7496072593984964,4.085855986842106,0.9383568909386869,1.0043614720394738,0.9633014065335755,1.0526343279352228,0.9381229323308266,1.0796405709188226,1.0054987993421052,
1905.1.1,0.9183413984962407,0.8422643100995733,0.9053023508771929,0.9470207072368423,1.0,1.498704246411483,1.0180443421052632,0.9932608771929822,0.993240601503759,1.3643818421052631,1.0246194508009157,1.0000439035087718,1.003462105263158,0.9967692982456143,1.0551209064327485,0.9904492857142858,1.0821425438596493,1.0,0.9008572228443451,0.9019932401315787,0.8172911679884641,0.9018983666061703,0.9834470105263157,0.9285356315789477,0.9150750263157896,0.9202543107769423,0.915314141700405,3.5374262006578947,0.9525786549707604,0.9628576315789474,0.8939342879256968,0.991043684210526,0.9908680701754383,0.9919454678362573,0.993419019138756,1.0026433014354066,1.3018147773279352,0.9972448621553885,1.0183602796052633,1.8011236917293236,4.065144999999999,0.9497352143244709,1.0039912006578948,0.9532644736842107,1.0644758502024294,0.9247909237379159,1.0942266280107045,1.0720439638157895,
1906.1.1,0.9118387969924809,0.8392314935988622,0.8957799035087718,0.939595657894737,1.0,1.5314874234449765,1.0200200000000001,0.990209605263158,1.0000142857142855,1.3360384473684213,1.0338951945080088,1.0008780701754385,0.9999247368421054,0.9973546783625729,1.0423894249512673,0.9910513909774435,1.084886513157895,1.0,0.8960372340425534,0.9131884046052631,0.826658622927181,0.9095284936479135,0.9798961789473686,0.9351473157894736,0.9185125789473683,0.9219539411027569,0.9098513117408905,3.465283470394737,0.96531067251462,0.9618039473684213,0.9004423374613003,0.9909119736842105,0.9929754385964905,0.9926771929824558,0.9972505980861248,1.0119813397129185,1.2693948380566797,1.0069028822055135,1.027250740131579,1.8526401127819545,3.9024204276315793,0.972600705371677,1.0097534128289476,0.9549901996370234,1.0897799028340083,0.9270488184747585,1.1135943131132917,1.2097111842105261,
1907.1.1,0.9076392180451127,0.8372096017069701,0.8861257499999999,0.926918782894737,1.0,1.5642706028708135,1.0396448684210526,0.9903412719298245,0.9977563909774436,1.3224988947368421,1.040537299771167,0.9998682894736844,0.9949573684210522,1.0046719298245612,1.0459017056530215,0.9900731203007519,1.0862475219298247,1.0,0.8972703247480402,0.9185225,0.8346693006488825,0.9155235934664244,0.9987461789473687,0.9304848157894738,0.9169057894736842,0.9277302443609022,0.9127650890688259,3.4702224835526314,0.9852135964912281,0.9602234210526316,0.9054783281733748,0.9899900000000003,0.991746140350877,0.9919454678362573,0.9962927033492822,1.0189260765550237,1.288948785425101,1.0045196741854636,1.0260159539473686,1.9041565451127822,3.677036085526316,0.9567143244709712,1.0099180509868422,0.9577151542649728,1.110439732793522,0.9316183673469389,1.1206216815343446,1.4159814802631578,
1908.1.1,0.9017209377289379,0.8326086971586971,0.8844727606837607,0.9223119711538464,1.0,1.5982806596736594,1.0651933333333337,0.9897119444444443,0.9930476190476202,1.3071458205128206,1.0386050167224081,0.999058888888889,0.9913466666666668,1.0093999999999999,1.0563218898385562,0.9955439560439563,1.0831230555555555,1.0,0.8991947626841246,0.919873766025641,0.8414751457674745,0.9153885057471268,1.0076074666666666,0.933345153846154,0.9142753205128207,0.9267050244200244,0.9112427850098619,3.621933012820513,1.003701851851852,0.9584200000000004,0.9059392156862746,0.98845,0.9904177777777773,0.9901555555555556,0.9969712121212121,1.0242743589743586,1.3026653846153846,1.0030595848595847,1.0291187499999999,1.957600912087912,3.4432169391025647,0.9432448321438015,1.0103854166666668,0.9634454465075156,1.1191695305719922,0.9343142857142858,1.1158018079096048,1.649800625,
1909.1.1,0.9013322706766917,0.8249074182076814,0.8840886710526317,0.9188517598684213,1.0,1.6324232153110045,1.0754701315789472,0.9855339692982459,0.9909827067669172,1.3109875789473682,1.0186633867276886,0.9989024122807014,0.9943552631578949,1.0058426900584798,1.0683403508771931,1.0062916541353384,1.0788058771929827,1.0,0.8970463605823069,0.9008077467105264,0.834719812545061,0.8941774047186933,0.9946790421052631,0.9235042894736842,0.9098594736842104,0.9128849373433584,0.900635850202429,3.745853223684211,0.9954577485380116,0.9436278947368419,0.8946315789473687,0.9894631578947369,0.9908680701754381,0.9897502923976609,0.9932992822966504,1.0122222488038273,1.307996052631579,0.9966179197994988,1.0238756578947368,2.011253507518797,3.2084868585526314,0.9293137818773738,1.0046083059210527,0.956034346642468,1.1223704008097168,0.9196836197636947,1.1059552988403205,1.8845307072368425,
1910.1.1,0.8957327819548869,0.8196604907539116,0.8823633026315789,0.9146206414473688,1.0,1.6651680837320575,1.0877189473684208,0.9832510964912283,0.9909827067669169,1.3248696578947368,1.0018281464530894,0.9978048245614035,0.9982689473684212,1.0029157894736844,1.0854133528265102,1.0126133082706767,1.0730327192982458,1.0,0.8936276035834269,0.8895302467105263,0.8289318961788033,0.8789171506352088,0.9857123578947369,0.9197638421052632,0.9049072500000003,0.9019720363408523,0.8898236882591095,3.718425164473684,0.992823538011696,0.9383594736842101,0.892617182662539,0.988936315789474,0.9884094736842104,0.990774707602339,0.9912637559808617,1.0079117224880376,1.3107315789473686,0.9946109022556388,1.0210768092105265,2.0627699323308266,2.9831025164473686,0.9392801139446556,1.0047729440789472,0.9519924682395645,1.131606137651822,0.9108136949516645,1.1040667439785903,2.1099150986842106,
1911.1.1,0.8957177593984957,0.8181867994310097,0.8762652587719298,0.9102578618421057,1.0,1.6978937870813398,1.0936457894736848,0.9813634649122811,0.9909827067669184,1.3296638421052633,0.9947272311212816,0.998199956140351,0.9987957894736841,0.9982327485380118,1.105413499025341,1.0199136842105265,1.066403552631579,1.0,0.8912175811870101,0.8852003289473683,0.8274885147801008,0.8711961887477311,0.9904748736842107,0.9199483684210525,0.9046306842105267,0.9000967857142854,0.8856090526315789,3.5503664309210525,0.9893112573099411,0.9317739473684208,0.8904478328173377,0.9901217105263155,0.9899899999999998,0.9909210526315786,0.9903058612440194,1.0038406698564593,1.2969526315789477,0.9946109022556392,1.018771875,2.1013827894736843,2.7577181414473686,0.9452002441671187,1.0065428042763156,0.9479052177858441,1.1403352914979756,0.9051693340494089,1.1098172212310435,2.3352994407894734,
1912.1.1,0.8999173684210525,0.8214047226173543,0.8732798815789474,0.9110974671052634,1.0,1.7306195,1.0948310526315792,0.9827901973684213,0.9864669172932333,1.3334042105263157,0.995299885583524,0.9974975000000003,0.9983442105263157,0.9944277777777782,1.1104867933723197,1.0170536466165419,1.0538035087719297,1.0,0.8932351623740202,0.8861058388157894,0.8322444124008652,0.8713778584392016,1.0072175263157894,0.9235571315789471,0.903471644736842,0.9053462531328319,0.884753963562753,3.324982105263158,0.9938479532163744,0.9291397368421053,0.8943216718266254,0.9901217105263155,0.9905168421052628,0.9904820175438596,0.9907848086124402,1.007432775119617,1.2828698380566803,0.9937328320802008,1.0178663651315791,2.1146325601503757,2.5323337828947365,0.9395788931090612,1.009917886513158,0.9485410163339382,1.137231048582996,0.9063518259935552,1.1087099776984835,2.560683799342105,
1913.1.1,0.9067210526315789,0.8261533072546232,0.871242798245614,0.9103401809210531,1.0,1.7633739401913875,1.0846896052631576,0.9844365131578948,0.9785642857142854,1.3264762631578946,1.000911899313501,0.9971901754385964,0.9996236842105265,0.9912081871345031,1.106194005847953,1.0153978947368423,1.0433107236842105,1.0,0.8986156215005598,0.8932180921052634,0.8407891925018025,0.8796438294010892,1.0232753263157894,0.9260069473684214,0.9072779868421051,0.9129413784461151,0.8902816194331983,3.0995977467105265,0.9967748538011694,0.9286128947368418,0.8928496130030957,0.9882777631578952,0.9908680701754382,0.9922381578947366,0.9905453349282296,1.015095933014354,1.275575101214575,0.9931056390977446,1.0179486842105263,2.114632560150376,2.3069494078947375,0.9301013293543137,1.0116054276315791,0.9494493647912887,1.1200199230769234,0.9078032223415677,1.1020085280999106,2.786068157894737,
1914.1.1,0.9131607032967035,0.8328722869022872,0.8731882435897435,0.9097195993589744,1.000832838827839,1.7973839976689974,1.0645515384615385,0.9855199145299144,0.9791142857142863,1.3230330000000001,1.0056869565217392,0.9988022222222223,1.001026666666667,0.9911481481481482,1.09463024691358,1.011969597069597,1.028304465811966,1.0,0.9035088379705396,0.9009288942307692,0.8475154618897084,0.8911379310344829,1.0327191384615386,0.9280581538461536,0.9086544743589743,0.916872503052503,0.8995430177514794,2.865778605769231,0.9961444444444446,0.9299299999999999,0.8970313725490195,0.9874233333333334,0.9902466666666664,0.9952888888888888,0.9876378787878788,1.0259088578088584,1.2858833333333335,0.9958492063492065,1.0191729166666665,2.112752278388278,2.0731302884615386,0.9353598995506213,1.0141953125,0.950833952254642,1.1128911992110455,0.9093814756671897,1.099449478487614,3.0198872756410253,
1915.1.1,0.9198014436090227,0.8368963371266003,0.872823302631579,0.911986447368421,1.008950733082707,1.8315265574162678,1.0475475,0.9863461403508774,0.9811984962406021,1.2965788421052629,1.010532494279176,0.9974975,0.999397894736842,0.9923789473684215,1.0853156920077969,1.0139679323308273,1.0255962280701756,1.0,0.9117863941769314,0.9086279111842108,0.8598993871665466,0.8989916515426499,1.0260991789473684,0.9295892894736838,0.9130862631578947,0.9226124686716792,0.9109373886639677,2.6310485197368423,0.9938479532163744,0.9330910526315785,0.8949414860681116,0.9878826315789476,0.9906924561403506,0.9976529239766083,0.9844387559808615,1.0318586124401912,1.2596693319838055,0.9958652882205515,1.018524917763158,2.115912007518797,1.838400180921053,0.9424031199131853,1.0166680509868422,0.9483595281306711,1.1055766842105261,0.9072656283566057,1.0971777653880463,3.254617401315789,
1916.1.1,0.9191843007518798,0.8388968705547655,0.8724676929824561,0.9159047368421052,1.0285885794844254,1.860013677033493,1.0358252631578948,0.9845901315789475,0.9860906015037597,1.2552754473684211,1.0112196796338675,0.9966633333333333,0.9991721052631576,0.9926716374269008,1.1022429337231965,1.0129896992481204,1.02480600877193,1.0,0.9087039193729003,0.9109327796052633,0.8708978370583994,0.9012625226860256,1.0202513684210528,0.9331980526315791,0.9144823552631577,0.924694692982456,0.9143091012145749,2.4056641282894735,0.9938479532163741,0.9341447368421051,0.8999774767801857,0.9902534210526317,0.992975438596491,0.9980919590643276,0.9845584928229668,1.0347320574162682,1.2153955465587043,0.9953635338345866,1.0153144736842101,2.1114979248120296,1.6130158388157894,0.9470196961475855,1.021648355263158,0.9483594373865698,1.1017551417004048,0.9067817400644467,1.0912799420160573,3.480001743421053,
1917.1.1,0.9177241954887219,0.8378218563300145,0.8759974649122805,0.9207450164473684,1.0592387862513426,1.8757467320574164,1.0259469736842106,0.9849413377192983,0.984585338345865,1.2232704473684213,1.0107615560640728,0.9937217982456144,0.998871052631579,0.9947204678362571,1.1150237329434693,1.016225939849624,1.0307327631578949,1.0,0.9117304591265396,0.9124639144736844,0.8840902379235762,0.8989008166969147,1.015088410526316,0.9362535789473684,0.9153648026315789,0.9337511591478699,0.9148967206477734,2.188346842105264,0.9988236842105264,0.9344081578947365,0.9008297213622293,0.9906485526315789,0.9913949122807016,0.9966285087719299,0.9853966507177037,1.0376035885167463,1.1730467611336033,0.993732832080201,1.0121040296052628,2.089867808270676,1.3904302467105263,0.9380581660336409,1.0262170641447368,0.9480415154264974,1.0885843886639677,0.9066741138560688,1.0777698795718111,3.7053861348684203,
1918.1.1,0.9127268872180452,0.8374231792318633,0.8813052631578947,0.9244163980263158,1.0956706740064446,1.8727629593301431,1.0115905263157898,0.9868291447368426,0.985714285714286,1.1788850526315788,1.0101889016018308,0.9915705263157896,0.99857,0.9935497076023393,1.1283408869395708,1.0197633082706767,1.0322691666666668,1.0,0.9065180851063829,0.9130071874999999,0.8964526964671954,0.8979924682395648,1.0177225684210527,0.9365170263157895,0.9202116184210528,0.9420424624060153,0.9129271902834009,1.993963124999999,0.9989700292397657,0.9328276315789469,0.9023017801857588,0.9898582894736843,0.9894631578947366,0.9903356725146201,0.9857558612440189,1.0376035885167467,1.1094214574898784,0.9932310776942359,1.0097167763157895,2.05486372556391,1.2120325164473684,0.9233666033640803,1.0301683799342105,0.9498579854809436,1.0756243805668018,0.907587969924812,1.0671975602140948,3.930770460526315,
1919.1.1,0.9100024360902257,0.8341340540540545,0.8865735570175439,0.9218810361842106,1.1324681176154672,1.853658196172249,0.997234078947368,0.9873778947368423,0.9853379699248125,1.1602616315789471,1.0070965675057204,0.9912192982456142,0.9946563157894734,0.9920862573099419,1.125072514619883,1.026725,1.0327081140350882,1.0,0.9120105823068306,0.9132211842105263,0.9034530353280461,0.8956307622504539,1.0174907684210526,0.9367014210526315,0.9237150263157895,0.9428703571428572,0.9081087287449393,1.8426148684210528,0.9975065789473686,0.9278226315789471,0.8983504643962849,0.9895948684210528,0.9882338596491226,0.9855062865497078,0.9844387559808615,1.0308985645933013,1.0601827935222663,0.9916003759398494,1.0077411184210523,2.008664518796993,1.1029129440789476,0.9047374660879003,1.029592146381579,0.9450895190562616,1.0648608502024288,0.9044701933404937,1.061844451382694,4.156154851973684,
1920.1.1,0.9073382124542124,0.8320260013860017,0.8864191025641025,0.9214297435897436,1.1706426713762423,1.8232927179487177,0.9905033333333333,0.9869957692307691,0.9875476190476193,1.1443972051282052,1.0006652173913044,0.9920433333333335,0.9928133333333332,0.9902925925925932,1.1179203703703706,1.0421092673992676,1.0341006837606839,1.0,0.9122461538461536,0.9084683653846154,0.9068146048472076,0.8947666666666665,1.0127817435897435,0.9389661025641024,0.926107358974359,0.9353093040293042,0.903416607495069,1.7408189743589737,0.9891574074074074,0.9242833333333333,0.8914450980392157,0.9907600000000002,0.9900755555555554,0.9863055555555557,0.9849545454545452,1.0210088578088576,1.0081960552268243,0.9894936507936507,1.0071416666666666,1.9553936263736262,1.0609569391025644,0.8879702088289717,1.0265072916666664,0.9410104774535808,1.057491980276134,0.899220251177394,1.0596931899174273,4.389973958333334,
1921.1.1,0.9070822857142856,0.8289939046941676,0.8850896491228067,0.9176827960526314,1.2089659505907626,1.7908026124401912,0.9910436842105266,0.982504912280702,0.9902300751879692,1.1510156578947366,0.9938109839816932,0.9931071491228068,0.9911189473684212,0.9920862573099413,1.1053649610136456,1.054797556390977,1.0390741228070175,1.0,0.9186240201567748,0.9012194243421054,0.9080501586157174,0.8925423774954626,1.0006532947368423,0.9432340263157893,0.9247555000000001,0.9248201315789469,0.8965508866396761,1.6871177796052634,0.9857989766081869,0.9217639473684209,0.8860316563467493,0.9906485526315785,0.9905168421052628,0.9897502923976609,0.9888690191387562,1.016053827751196,1.0010161943319833,0.9879626566416038,1.0048599506578948,1.9017556992481197,1.0548726480263155,0.8765221378187736,1.0245295230263154,0.9374146551724138,1.05457955465587,0.8953320622986037,1.0602461195361284,4.616669917763157,
1922.1.1,0.9175736992481204,0.8277480227596018,0.8843433070175439,0.9290260855263156,1.2407585204081635,1.7593077727272728,0.9909119736842107,0.9795416008771932,0.9913590225563916,1.1636332105263156,0.9886570938215108,0.99385350877193,0.9945057894736841,0.9888666666666667,1.0883404970760235,1.0615712406015034,1.0451547587719296,1.0,0.9257419372900332,0.8972024013157894,0.913910230713771,0.8925423774954626,0.9863973052631577,0.941074052631579,0.9233594078947368,0.9121511340852132,0.8905085506072875,1.703729342105263,0.9737986842105261,0.917812631578947,0.8789814241486066,0.9936778947368418,0.9945559649122804,0.9944333333333333,0.9923413875598083,1.0055169856459338,0.9991929149797569,0.9867082706766919,1.0014025493421053,1.8502392781954886,1.0542799506578948,0.869705832881172,1.0189729851973686,0.933508802177858,1.0557507246963562,0.8919454350161116,1.0620989429081176,4.716471217105263,
1923.1.1,0.9322797744360906,0.8248219772403981,0.8824950043859653,0.9371755098684211,1.266116229860365,1.7278608253588517,0.9899899999999999,0.9745587061403511,0.9924879699248118,1.172615815789474,0.9877408466819222,0.9960925877192982,0.9945057894736841,0.9926716374269007,1.077901364522417,1.06048007518797,1.0533207236842104,1.0,0.9249572788353861,0.8969554605263156,0.9246272386445566,0.8937232304900182,0.9778731789473682,0.9401257631578946,0.9213443157894737,0.9039037218045115,0.8832666801619432,1.791314769736842,0.9669204678362571,0.9191297368421054,0.8761924148606812,0.9931510526315787,0.9947315789473682,0.9941406432748539,0.9955742822966509,1.0014459330143535,1.0039544534412954,0.9878372180451125,0.9990152960526316,1.798722853383459,1.056996447368421,0.8654965274009766,1.0200019736842107,0.931283393829401,1.0591183846153847,0.8927518796992482,1.0651929348795715,4.674028503289474,
1924.1.1,0.9398510827067668,0.8217108463726887,0.8838252587719299,0.9431352467105265,1.2914954484425347,1.6969742320574162,0.995521842105263,0.9640659429824562,0.988724812030076,1.184917210526316,0.9873972540045768,0.9967072368421053,0.9953336842105266,0.9926716374269005,1.0861453216374266,1.0600286090225564,1.0639012061403508,1.0,0.9233879619260918,0.8964615460526318,0.9334967483777936,0.8956307622504541,0.9794009999999999,0.936385342105263,0.9173009078947365,0.891291171679198,0.8781645384615384,1.9275496710526316,0.9582861111111108,0.915705263157895,0.868212770897833,0.9926242105263157,0.9961364912280698,0.9938479532163745,0.996172966507177,0.9942617224880379,1.0061828947368416,0.9889661654135343,0.9961341282894738,1.7472064285714293,1.0604209210526316,0.8583273738469887,1.0180674753289471,0.9251066696914702,1.061148704453441,0.8907091836734691,1.0632508117752006,4.501738684210525,
1925.1.1,0.9354407669172928,0.8198313584637267,0.8815862412280703,0.9410114967105263,1.3200195139634803,1.6653644449760763,1.0054001315789474,0.9471414254385966,0.9928642857142853,1.1915026578947367,0.989916933638444,0.9954340350877194,0.9939789473684212,0.9941350877192987,1.1046331384015595,1.0679684210526315,1.0777305482456143,1.0,0.9204735162374019,0.893481595394737,0.9376392285508293,0.8957215970961889,0.9864078,0.9391775000000001,0.9140345526315791,0.8874340350877193,0.8771514048582993,1.988694835526316,0.953310380116959,0.915705263157895,0.8663535603715172,0.9930193421052633,0.9968389473684208,0.9938479532163744,0.9990466507177037,0.9971354066985644,1.014794028340081,0.9919766917293236,0.9964634046052634,1.69569,1.063417269736842,0.8594679598480739,1.0231300986842102,0.9221091197822145,1.0641435465587041,0.8903328678839961,1.0605898795718107,4.293147039473685,
1926.1.1,0.9159032673992675,0.8180206930006929,0.8794636153846154,0.9333002884615385,1.3581725667189954,1.6322625291375292,1.015913333333333,0.9228520726495728,0.9912142857142859,1.1957806666666666,0.9910681159420289,0.9952944444444446,0.9934,0.9920037037037044,1.1073685185185183,1.0780050183150183,1.096576388888889,1.0,0.9187992907801421,0.8903897916666665,0.9346534949069195,0.8922000000000002,0.9923001641025644,0.9365791282051281,0.9095399615384613,0.8848388095238097,0.8791325719921106,1.991399871794872,0.9529388888888889,0.9104233333333335,0.8650245098039216,0.9911449999999997,0.9941822222222217,0.9911537037037035,0.9973212121212122,0.9962757575757583,1.0168826429980273,0.993526984126984,0.9937468750000001,1.6422456300366295,1.0646305128205125,0.8562448585778483,1.0208526041666663,0.9168045977011495,1.0643783865877712,0.886963945578231,1.0582967622772708,4.111449006410256,
1927.1.1,0.90181392481203,0.8174535277382645,0.8726784210526314,0.9250913815789475,1.3842336197636955,1.5987875334928232,1.0235761842105262,0.9049950438596492,0.9954984962406014,1.1992206315789473,0.9917494279176203,0.9950828070175439,0.9932263157894738,0.9935497076023393,1.1031695419103311,1.0749300000000002,1.097091403508772,1.0,0.9182876819708847,0.8890363980263158,0.9264170439798125,0.8912706896551728,1.0020546000000001,0.9315911315789469,0.903116,0.8823789912280702,0.8792343967611336,1.9406709868421048,0.9530176900584795,0.9041147368421051,0.8656561145510837,0.9931510526315789,0.9945559649122804,0.9925308479532167,0.99737033492823,0.9980933014354062,1.022594939271255,0.9927293233082706,0.9936645559210525,1.5960514360902256,1.0616227302631578,0.8574041508410202,1.0204958881578947,0.9154781760435574,1.0675355425101216,0.8897412996777658,1.0606300669045496,4.004674819078948,
1928.1.1,0.8980810225563906,0.8171829871977238,0.8717301184210526,0.9224243092105263,1.3882654806659511,1.566957433014354,1.0260786842105263,0.8943706359649122,0.99436954887218,1.2028029210526312,0.989916933638444,0.9954340350877193,0.9957100000000001,0.9947204678362568,1.0967303606237813,1.0694736842105266,1.0875645394736841,1.0,0.9129071668533039,0.8882297203947369,0.9152020547945203,0.8910890199637025,1.0114216526315791,0.9202906842105263,0.8979267631578944,0.8850821365914786,0.8825574858299599,1.896088042763158,0.9527249999999999,0.8980560526315791,0.8651136996904023,0.992360789473684,0.9931510526315787,0.990774707602339,0.9960532296650719,0.9978538277511962,1.0259381578947366,0.989718796992481,0.9932529605263158,1.5608930714285714,1.0557617434210524,0.8577029028757461,1.018479070723684,0.9122989564428311,1.0708099757085021,0.8876984425349085,1.064916137377342,3.924678980263158,
1929.1.1,0.8961693984962407,0.816948044096728,0.8690564605263158,0.91794625,1.3797770649838885,1.5352901746411483,1.0217322368421051,0.8877193421052634,0.9906063909774442,1.2052264210526318,0.9900314645308927,0.9962242982456142,0.9975163157894735,0.9932570175438599,1.0976572124756334,1.0688715789473684,1.069147543859649,1.0,0.9093762597984322,0.8838011019736843,0.9000105912040373,0.8878189655172412,1.0150778736842103,0.9111238157894739,0.8934750526315787,0.8791239411027569,0.8825412753036438,1.8495130263157888,0.9426271929824561,0.8914705263157894,0.8642616873065018,0.9907802631578951,0.9912192982456142,0.9904820175438593,0.9917427033492817,0.9954590909090912,1.0169215587044536,0.9867082706766916,0.9932529605263158,1.527830744360902,1.0472830427631576,0.8540367878459035,1.012552261513158,0.9058950998185117,1.0735859757085022,0.8866770139634801,1.0667198751115077,3.817518519736843,
1930.1.1,0.9005496240601505,0.8164995163584635,0.8694735350877191,0.923445032894737,1.3624346858216974,1.5052321435406697,1.0171223684210526,0.8826047368421053,0.9830800751879701,1.212101605263158,0.990375057208238,0.9947754824561406,0.9950326315789475,0.9926716374269007,1.0923890350877195,1.091337030075188,1.0580401754385964,1.0,0.9036595744680853,0.8747297697368419,0.8846170656092286,0.879371324863884,1.0098201368421054,0.9047755000000001,0.8919077236842105,0.8754863032581452,0.8819982429149795,1.8283904605263153,0.926821929824561,0.8875192105263158,0.8637195046439627,0.9865655263157898,0.986828947368421,0.9884331871345029,0.9868334928229665,0.9947406698564594,1.005575101214575,0.9854538847117795,0.9929236842105263,1.4907795639097743,1.0398086677631582,0.8483883613673361,1.003703207236842,0.8969479128856623,1.072054109311741,0.88054865735768,1.0667466592328279,3.635367121710527,
1931.1.1,0.8924815939849625,0.8165920697012798,0.8666374342105261,0.9069157565789475,1.3463932626208381,1.474771801435407,1.0156735526315783,0.877907149122807,0.9842090225563905,1.1895006052631578,0.9932383295194505,0.9954340350877194,0.9948068421052633,0.9938423976608184,1.0631206140350875,1.110491015037594,1.0651304166666666,1.0,0.9105533594624857,0.8720298026315788,0.8782950973323719,0.8778271324863886,1.0066485684210524,0.9094906578947368,0.8865076973684213,0.8706758395989971,0.87973691902834,1.874043519736842,0.9312122807017541,0.8927876315789476,0.8651912538699693,0.9864338157894742,0.9871801754385962,0.9913600877192984,0.9879111244019141,0.9978538277511958,0.9948366396761134,0.9868337092731829,0.9986037006578944,1.4594971616541352,1.0331409868421053,0.8443149484536083,1.0071606085526317,0.8956762250453723,1.0626319676113358,0.8859244360902253,1.0602639607493312,3.4117773026315787,
1932.1.1,0.8892399413919412,0.8168206237006236,0.8680978205128205,0.8958599038461538,1.3389230167451593,1.4438502727272726,1.0200200000000001,0.875669337606838,0.9912142857142854,1.1443715384615385,0.9926304347826089,0.9950805555555559,0.9928133333333334,0.9959962962962964,1.032176115859449,1.1301072527472527,1.0778188675213676,1.0,0.9095157665030004,0.8703382852564102,0.8825689567966283,0.8806057471264368,1.0087982871794872,0.912684076923077,0.8802934743589741,0.8728551831501834,0.8818334358974363,1.9865715064102567,0.9392499999999997,0.89682,0.866533785822021,0.9898616666666666,0.9916155555555553,0.9917240740740738,0.993237878787879,1.00280909090909,0.9975357988165678,0.9882714285714285,1.0024093749999996,1.4376870842490845,1.0300133333333337,0.8461900607983082,1.017323677884615,0.9000770557029178,1.0506529704142011,0.8908399790685503,1.0547513472403303,3.1851125801282048,
1933.1.1,0.8804548571428573,0.8167131081081077,0.8682530570175436,0.8771004769736841,1.3410873361976372,1.4113893923444976,1.0233127631578944,0.8752511403508775,0.9996379699248117,1.1073677631578949,0.9940400457665904,0.9944681578947369,0.9921726315789475,0.9955985380116965,1.0071202729044837,1.146240338345865,1.0961695394736843,1.0,0.915485386338186,0.8734457072368421,0.8895389401586156,0.8850939201451904,1.0130020736842105,0.9161287105263162,0.8719013421052633,0.8777754761904761,0.8830235182186235,2.0945711513157894,0.9549201754385963,0.9012171052631578,0.8663529411764707,0.9924925,0.9947315789473682,0.9934089181286552,0.9985677033492825,1.0055169856459327,0.999092004048583,0.9895933583959899,1.0051892269736846,1.4312854210526318,1.0304244407894738,0.8501806565382527,1.029304070723684,0.9052138384754991,1.0439092429149797,0.8936657894736839,1.051678421052632,3.011090296052631,
1934.1.1,0.8794914887218046,0.8167985348506398,0.8666989122807017,0.8775285690789474,1.340646517185822,1.3810918899521534,1.0266055263157892,0.8772267105263158,0.9966274436090229,1.096040868421053,0.994154576659039,0.993370570175439,0.9910436842105266,0.9947204678362574,1.0187303118908382,1.1650932706766919,1.1092525,1.0,0.9098246920492722,0.8705151973684212,0.8912132588320117,0.8830047186932847,1.0136553473684211,0.9136789210526317,0.8731657368421051,0.8810242669172934,0.885151113360324,2.1565066118421057,0.9593105263157895,0.8983194736842105,0.8667404024767804,0.9913071052631578,0.9927998245614033,0.9923845029239765,0.9974900717703346,1.0071933014354062,0.9986867408906879,0.9899696741854634,1.0023080592105265,1.428474413533834,1.0385738157894735,0.8460801410743352,1.0273283717105262,0.9063038566243194,1.0436579878542511,0.8935045649838881,1.0553394558429974,2.9277030427631576,
1935.1.1,0.8792656842105263,0.8166775035561874,0.8628354868421053,0.8745651973684211,1.322621415145005,1.3508183373205742,1.028976315789473,0.8801461622807021,0.9947458646616546,1.1049969210526318,0.9971323798626999,0.9917461403508772,0.9904415789473683,0.995598538011696,1.0333160331384013,1.1794682706766915,1.1220280921052634,1.0,0.9116181410974241,0.8685230921052636,0.891242105263158,0.8798254990925589,1.012938842105263,0.9126252631578945,0.8751149868421052,0.8825169611528823,0.8853699473684209,2.1601450328947376,0.9669204678362571,0.8970023684210524,0.8658883126934983,0.9907802631578948,0.9926242105263152,0.9923845029239767,0.9965321770334925,1.011982775119617,0.9960525303643724,0.9894679197994988,1.0021434210526317,1.4304236842105262,1.0431177302631574,0.8411920238741185,1.0252703947368418,0.9053955081669695,1.046381291497975,0.8941496777658431,1.058080767172168,2.9435244243421046,
1936.1.1,0.879927984962406,0.8164496799431008,0.8586866842105265,0.8768042105263157,1.2869475107411383,1.320108947368421,1.0297665789473684,0.8829557894736841,0.9947458646616534,1.1033111842105265,0.9966742562929064,0.992448596491228,0.9927747368421056,0.9950131578947369,1.0507309941520466,1.1923001879699249,1.1306109429824567,1.0,0.9113938969764838,0.8681114967105265,0.8934216077865893,0.876646279491833,1.0132233473684213,0.9088847631578945,0.8736925263157896,0.882868176691729,0.8847701821862345,2.152621266447369,0.9695546783625733,0.8946315789473683,0.8644936532507738,0.9906485526315789,0.9924485964912279,0.9916527777777777,0.9947361244019134,1.011982775119617,0.9922025303643723,0.9884644110275689,1.0000854440789475,1.4225400526315788,1.0447969736842107,0.8323389853499732,1.0224715460526315,0.9051230036297642,1.0464096558704457,0.8928594522019333,1.0588709901873328,2.9834482730263163,
